body_temperature,blood_oxygen,heart_rate,hours_of_sleep,activity_level,Stress_Levels
99.43,93.51,124.92,3.6,1222.0,2
99.89,89.13,93.88,2.9,1442.0,2
99.35,94.51,104.17,3.4,467.0,2
98.59,95.96,58.53,8.0,2561.0,0
99.8,92.99,107.84,1.8,610.0,2
98.9,95.96,77.79,8.4,4310.0,0
99.3,92.6,101.29,4.0,2245.0,2
99.91,92.39,91.05,2.8,2530.0,2
98.58,96.72,63.98,7.9,5584.0,0
98.9,97.44,55.99,8.9,5617.0,0
98.81,95.46,69.65,5.8,3954.0,1
98.62,95.24,91.61,6.8,4556.0,1
98.71,98.21,58.78,8.6,3750.0,0
99.37,91.95,94.48,5.4,1570.0,2
98.38,98.22,67.78,9.1,6538.0,0
99.27,94.21,98.46,5.5,3947.0,1
100.67,91.1,105.21,3.4,1494.0,2
99.51,92.79,96.67,3.2,1344.0,2
99.4,96.87,88.56,6.4,2609.0,1
99.06,95.88,88.06,5.4,4033.0,1
99.98,92.21,94.0,1.5,1426.0,2
100.02,95.78,96.38,4.0,641.0,2
100.14,93.38,110.97,3.8,1397.0,2
98.73,97.86,63.38,8.6,5558.0,0
98.89,96.35,83.39,5.1,3764.0,1
98.69,97.14,61.47,8.8,2396.0,0
99.51,94.1,110.26,5.3,1486.0,2
98.74,97.39,70.98,8.7,4371.0,0
98.94,89.01,103.36,4.8,1373.0,2
99.23,91.29,83.05,4.8,1034.0,2
99.01,94.58,83.66,4.7,818.0,2
98.9,93.34,81.43,5.2,4177.0,1
98.66,98.7,60.77,9.3,3357.0,0
98.28,97.74,64.25,8.0,5173.0,0
98.61,99.28,68.59,8.2,4728.0,0
99.29,91.83,99.02,5.6,1549.0,2
98.42,97.43,70.12,7.9,5790.0,0
99.38,92.2,76.68,6.2,2329.0,1
98.44,93.94,67.46,6.2,3671.0,1
98.78,91.4,80.18,3.3,904.0,2
98.54,98.89,63.47,7.6,4383.0,0
98.99,92.34,103.81,3.6,1250.0,2
99.73,96.07,91.01,6.9,3296.0,1
98.5,98.29,68.86,8.0,5851.0,0
98.7,98.51,61.61,8.0,4070.0,0
99.32,91.32,96.95,4.3,1321.0,2
98.42,98.33,64.9,7.5,5426.0,0
98.46,98.48,68.64,8.2,5622.0,0
99.18,95.58,85.54,7.6,3045.0,1
98.3,98.44,60.16,7.9,5589.0,0
99.68,92.6,100.35,3.1,1550.0,2
98.45,99.09,69.27,8.3,5466.0,0
99.93,89.77,96.12,3.0,1272.0,2
98.8,93.44,81.19,7.0,3563.0,1
99.1,96.56,83.8,5.4,2270.0,1
98.86,95.22,64.25,7.0,3236.0,1
99.35,91.21,113.21,3.9,1904.0,2
98.98,97.64,72.81,8.2,4076.0,0
99.46,93.23,69.47,5.5,3474.0,1
99.53,98.2,90.71,5.8,1088.0,2
98.99,93.68,108.37,3.7,1888.0,2
98.48,98.64,63.71,8.1,5807.0,0
98.14,97.32,61.95,6.5,7364.0,0
98.48,97.61,67.68,7.8,5177.0,0
98.91,89.29,103.02,4.4,1983.0,2
98.77,97.22,63.6,7.8,7090.0,0
98.93,96.04,87.23,7.1,3011.0,1
98.4,97.01,66.51,7.8,3819.0,0
99.11,94.4,81.75,5.9,4060.0,1
98.78,93.69,76.02,5.5,2220.0,1
98.72,97.55,64.4,8.6,4769.0,0
99.31,95.64,71.11,5.9,3328.0,1
99.02,91.86,103.3,5.1,1185.0,2
98.67,97.15,66.19,7.8,4852.0,0
98.5,99.09,66.64,8.4,5718.0,0
98.82,89.01,98.56,6.2,1926.0,2
99.47,95.68,80.32,4.9,2969.0,1
99.11,94.38,72.27,4.1,3397.0,1
98.62,98.06,64.68,8.0,5715.0,0
98.7,97.38,62.09,8.0,6976.0,0
98.59,95.08,82.78,7.3,2193.0,1
99.28,89.24,79.23,4.0,2156.0,2
98.81,96.59,67.72,8.6,3707.0,0
98.95,97.69,77.52,5.7,2477.0,1
98.35,96.7,68.51,7.5,3532.0,0
98.99,92.68,79.64,7.2,2323.0,1
98.4,98.5,61.74,8.8,4735.0,0
99.84,92.2,103.6,2.8,1002.0,2
98.91,92.9,109.1,5.0,973.0,2
98.84,94.79,68.53,5.4,3383.0,1
99.47,97.38,88.29,6.8,3470.0,1
98.96,93.23,72.05,6.0,3605.0,1
98.78,96.65,69.17,8.3,6511.0,0
99.11,91.91,94.3,5.1,1668.0,2
98.54,98.07,58.86,8.2,6549.0,0
98.66,93.61,95.39,6.9,3154.0,1
99.21,90.68,103.99,3.9,687.0,2
98.85,94.75,78.79,6.7,4875.0,1
99.09,96.06,75.09,6.9,2355.0,1
98.49,97.79,65.85,7.9,4340.0,0
99.31,92.48,97.56,5.9,2459.0,2
99.79,91.03,97.86,5.3,1854.0,2
99.49,92.33,115.01,2.6,915.0,2
98.66,98.08,61.95,7.9,4442.0,0
99.07,93.55,92.87,5.3,3933.0,1
98.71,88.25,114.76,7.1,1044.0,2
99.41,93.67,91.02,5.3,2251.0,2
98.44,98.18,66.91,8.2,4449.0,0
99.42,95.12,78.7,4.6,4288.0,1
99.19,97.15,79.82,5.1,3578.0,1
99.18,97.74,78.79,5.9,2614.0,1
98.46,97.46,69.82,8.2,3133.0,0
99.43,94.66,91.39,4.7,923.0,2
99.12,93.82,100.09,6.2,2227.0,1
99.71,91.74,92.27,3.1,1062.0,2
98.83,98.48,66.01,7.8,2438.0,0
99.6,93.08,86.35,4.4,3233.0,1
98.66,95.58,67.1,8.5,6453.0,0
99.09,94.9,71.01,6.6,2882.0,1
98.47,97.65,66.73,7.7,5926.0,0
98.73,96.26,83.26,5.9,2801.0,1
98.6,94.29,75.73,6.6,2944.0,1
98.88,95.44,73.82,6.5,1880.0,1
99.72,91.47,98.94,3.3,595.0,2
98.37,97.18,71.22,4.9,2004.0,1
99.15,92.47,73.69,5.2,2339.0,1
99.96,86.2,103.06,3.6,1850.0,2
99.84,93.73,94.53,4.5,1408.0,2
98.95,91.36,98.86,1.1,1282.0,2
98.89,96.62,58.14,7.8,5160.0,0
98.33,98.25,82.41,6.2,3795.0,1
98.83,97.9,61.54,7.9,5605.0,0
98.93,94.12,87.04,4.4,1543.0,1
100.17,89.0,98.73,3.8,1102.0,2
100.05,90.69,97.54,5.3,2364.0,2
99.66,92.84,91.05,3.9,1817.0,2
98.63,98.59,57.04,8.1,5190.0,0
98.8,97.58,63.15,7.9,5194.0,0
99.58,90.04,117.07,4.2,1866.0,2
99.05,92.42,98.12,4.8,1529.0,2
99.14,94.92,76.94,4.9,4056.0,1
98.56,97.81,64.87,7.8,4679.0,0
99.23,93.12,73.33,5.5,4003.0,1
99.96,93.95,96.01,3.5,1641.0,2
98.91,96.73,93.03,6.8,4660.0,1
98.74,96.65,68.17,8.4,5744.0,0
98.94,94.55,78.57,7.6,4154.0,1
99.08,94.67,90.33,6.4,4162.0,1
98.77,99.16,58.33,7.8,5462.0,0
98.47,97.24,61.15,8.3,3670.0,0
99.32,92.03,84.93,4.0,936.0,2
99.95,91.02,86.55,4.5,864.0,2
98.96,94.12,83.48,5.9,2858.0,1
99.08,93.02,70.86,5.5,3384.0,1
98.35,97.3,57.93,7.6,6193.0,0
98.62,98.19,66.34,7.7,5341.0,0
98.72,90.61,75.35,7.3,3261.0,1
99.72,89.36,103.37,5.1,2187.0,2
98.75,99.1,71.24,8.0,5266.0,0
98.44,93.94,73.41,4.5,2827.0,1
99.39,94.21,98.15,4.5,1275.0,2
99.79,93.9,69.84,5.6,2401.0,1
98.67,96.13,62.66,7.2,6423.0,0
98.55,98.15,66.39,8.1,4934.0,0
98.92,97.41,69.48,8.3,5001.0,0
98.74,97.87,81.16,6.5,3379.0,1
98.24,94.74,72.04,6.0,4283.0,1
99.8,94.9,85.22,5.3,2183.0,2
99.42,96.11,101.24,4.1,826.0,2
98.37,98.73,64.71,7.6,4006.0,0
98.82,97.83,80.41,6.5,3330.0,1
99.62,94.24,65.35,7.6,2958.0,1
98.67,95.83,75.99,4.6,2829.0,1
99.28,91.53,113.18,4.5,2972.0,2
98.72,94.01,94.86,4.6,3756.0,1
99.47,92.95,102.1,4.0,1478.0,2
98.76,95.42,72.87,4.6,1874.0,2
99.27,93.66,76.55,6.2,2816.0,1
99.03,92.34,77.9,5.1,3358.0,1
98.42,98.1,63.4,7.5,5635.0,0
98.67,98.02,64.77,8.4,5965.0,0
98.77,97.36,67.71,7.4,5684.0,0
99.14,93.27,89.54,5.6,3575.0,1
100.21,91.13,111.99,4.7,2053.0,2
98.1,93.79,83.43,6.1,1932.0,1
99.91,91.2,85.69,5.2,1725.0,2
98.94,94.68,88.01,5.9,3012.0,1
98.72,97.32,73.35,7.9,4237.0,0
99.03,93.07,81.53,6.5,1901.0,1
98.86,94.38,74.94,7.7,3340.0,1
98.59,98.33,65.38,8.1,5089.0,0
98.78,98.03,71.31,8.2,3080.0,0
99.37,92.68,79.51,5.4,3212.0,1
99.98,94.82,100.53,4.4,1639.0,2
98.6,98.21,62.24,8.4,4986.0,0
98.44,98.82,70.95,7.5,5102.0,0
98.73,92.73,87.67,5.0,3633.0,1
98.84,95.0,86.49,5.5,2664.0,1
99.31,96.92,73.3,5.0,3462.0,1
99.3,93.39,111.36,2.5,2449.0,2
98.49,98.57,71.45,8.5,5500.0,0
99.28,95.26,73.5,5.8,2757.0,1
98.5,97.95,71.19,8.6,4216.0,0
98.49,98.83,63.7,7.6,4547.0,0
99.1,94.73,93.15,3.8,3646.0,1
98.9,90.37,123.25,1.6,1036.0,2
98.78,92.33,90.58,4.5,1857.0,2
98.41,97.31,67.93,8.0,4766.0,0
99.35,90.0,109.58,5.1,1199.0,2
98.94,90.49,98.37,5.8,770.0,2
98.61,97.93,65.96,7.8,5666.0,0
98.31,98.29,52.23,8.6,4521.0,0
98.4,97.9,60.4,7.2,3929.0,0
99.15,97.96,76.86,6.8,2149.0,1
99.39,97.85,95.68,4.1,1089.0,2
99.52,91.33,94.87,6.3,2030.0,2
98.41,98.43,63.14,7.3,6719.0,0
98.94,93.91,78.43,5.2,3774.0,1
99.25,94.42,85.85,5.7,2487.0,1
100.18,92.77,91.29,3.3,2096.0,2
98.94,92.19,91.27,6.6,1026.0,2
99.23,90.07,93.71,3.1,1520.0,2
98.43,98.63,65.92,8.1,5409.0,0
98.51,98.17,69.75,8.1,2847.0,0
98.31,97.49,64.6,7.5,4924.0,0
98.85,94.15,84.29,5.6,2621.0,1
99.55,88.51,97.8,6.2,1738.0,2
98.64,96.5,65.63,8.2,5244.0,0
98.81,95.05,77.39,4.5,3233.0,1
98.48,96.57,67.22,8.6,4791.0,0
99.1,93.12,78.73,5.7,3027.0,1
99.34,95.03,88.93,4.4,2959.0,1
99.28,91.84,109.69,4.3,1539.0,2
98.76,97.75,71.92,7.5,4189.0,0
98.84,95.28,79.02,4.8,3766.0,1
98.66,97.93,59.48,8.2,4402.0,0
98.44,99.19,74.13,7.6,5260.0,0
99.11,96.1,88.1,6.0,3065.0,1
98.87,98.15,60.14,8.8,3996.0,0
99.18,94.89,95.55,1.9,631.0,2
98.49,99.04,61.97,7.7,4951.0,0
98.51,98.27,71.59,7.4,3392.0,0
98.82,93.06,73.76,5.7,2724.0,1
98.46,97.73,61.81,8.1,5021.0,0
100.04,90.53,99.76,2.2,1342.0,2
99.51,90.87,92.79,2.8,2210.0,2
98.91,95.67,92.76,7.0,2490.0,1
98.41,97.42,67.79,8.8,5437.0,0
99.21,94.17,68.01,6.2,1982.0,1
98.71,94.23,63.34,4.4,4309.0,1
99.25,97.91,80.14,6.5,3200.0,1
98.94,92.9,90.97,3.2,1522.0,2
98.78,95.12,68.83,6.2,3697.0,1
99.3,88.96,91.39,3.2,1702.0,2
98.69,97.76,60.09,7.8,3576.0,0
98.44,100.0,64.65,7.9,5458.0,0
100.13,88.75,97.59,3.9,23.0,2
99.38,96.47,84.05,5.5,4103.0,1
98.81,99.05,66.87,7.1,4988.0,0
99.43,95.31,110.37,4.4,377.0,2
99.4,91.62,75.12,3.2,1863.0,2
99.05,90.66,84.35,4.4,1298.0,2
98.71,94.74,87.92,4.2,2556.0,2
98.7,96.72,61.49,8.3,6484.0,0
98.84,93.99,68.68,5.3,2585.0,1
98.86,99.03,65.05,7.9,5666.0,0
99.42,89.99,82.71,4.9,1865.0,2
99.03,94.83,84.3,5.1,2408.0,1
99.54,96.27,76.02,6.6,3651.0,1
99.12,95.21,90.65,5.3,2212.0,1
98.67,98.58,71.51,7.6,4770.0,0
99.2,89.25,105.99,3.6,924.0,2
98.65,96.22,61.88,8.2,4671.0,0
98.9,96.51,76.34,7.4,2367.0,1
99.29,94.49,85.43,6.5,3173.0,1
98.5,98.21,77.46,8.1,5979.0,0
98.36,98.45,68.37,8.1,5472.0,0
98.58,98.53,70.39,8.8,4476.0,0
99.76,90.21,93.2,2.5,618.0,2
98.92,95.86,68.62,6.2,3496.0,1
99.19,96.28,74.25,5.2,3750.0,1
100.41,91.65,118.92,4.3,1843.0,2
99.26,96.41,69.22,5.9,3561.0,1
99.92,89.9,96.79,5.5,2304.0,2
99.79,88.75,104.94,3.2,1083.0,2
98.77,90.89,107.45,3.7,1262.0,2
98.83,95.29,93.35,5.1,2178.0,1
98.25,97.93,63.62,9.0,4666.0,0
98.77,93.93,96.34,7.4,4025.0,1
100.15,89.54,108.2,3.4,357.0,2
98.78,94.09,94.84,7.4,4331.0,1
99.02,97.64,67.43,7.7,6674.0,0
99.4,95.66,78.22,6.6,2625.0,1
98.74,95.8,62.08,7.9,4826.0,0
98.7,90.16,88.31,7.0,1050.0,2
99.16,93.07,93.7,5.0,2529.0,1
98.95,96.59,76.41,4.9,2674.0,1
99.01,99.07,67.69,7.0,6047.0,0
98.55,97.35,68.49,7.9,3106.0,0
99.55,94.46,111.25,6.2,1832.0,2
98.99,93.19,80.06,7.2,2880.0,1
99.25,90.41,73.82,5.0,789.0,2
98.29,98.25,67.28,8.3,3877.0,0
99.25,92.14,110.83,4.6,1579.0,2
99.45,94.51,66.49,6.4,1321.0,1
99.52,98.13,73.15,6.5,3528.0,1
98.6,92.76,100.65,3.1,1805.0,2
98.91,95.34,71.38,6.3,2522.0,1
100.14,89.66,96.42,4.5,1410.0,2
99.33,87.58,85.74,3.0,1471.0,2
100.41,90.29,96.82,5.3,2069.0,2
98.65,97.75,64.13,7.5,4777.0,0
99.14,94.81,97.47,7.1,3632.0,1
98.56,100.0,65.75,7.9,5741.0,0
98.65,96.89,58.38,7.8,5231.0,0
99.78,93.02,96.53,3.7,1142.0,2
99.83,91.96,83.06,3.4,541.0,2
99.2,96.47,71.04,6.3,2815.0,1
99.7,91.15,83.59,4.6,1782.0,2
99.06,96.43,77.29,5.9,3419.0,1
98.76,98.03,66.34,8.5,5650.0,0
99.18,94.31,82.99,5.7,2548.0,1
98.36,97.44,66.54,7.4,5565.0,0
99.24,95.62,65.66,7.0,2802.0,1
98.55,97.51,66.97,7.8,5213.0,0
99.33,95.64,91.62,4.9,1844.0,1
99.53,95.98,91.14,3.7,1221.0,2
98.79,97.52,64.81,6.5,5300.0,0
99.07,93.57,78.88,6.1,3462.0,1
98.44,97.95,65.8,7.9,5699.0,0
98.55,98.38,66.73,7.6,5818.0,0
98.57,97.55,90.5,5.3,2761.0,1
99.55,94.46,69.88,5.6,3246.0,1
99.13,91.93,82.51,5.6,3467.0,1
99.12,96.68,76.82,6.2,3502.0,1
99.29,91.78,94.83,2.2,2089.0,2
98.56,98.43,66.94,7.1,6739.0,0
99.67,93.73,89.74,3.2,970.0,2
99.49,94.78,83.04,6.5,2393.0,1
99.62,90.85,97.78,4.7,1186.0,2
98.77,96.72,69.19,8.3,4192.0,0
99.85,92.81,103.31,5.4,1700.0,2
99.1,96.04,76.7,4.1,4399.0,1
98.55,96.55,69.3,7.8,4976.0,0
98.49,97.92,67.83,7.7,5682.0,0
98.68,96.54,86.15,7.2,3247.0,1
99.58,92.44,110.63,2.0,1306.0,2
98.98,99.5,67.82,7.7,3742.0,0
98.81,98.34,62.25,7.9,3654.0,0
99.47,90.18,112.74,3.5,545.0,2
99.49,92.25,108.09,4.6,1070.0,2
99.05,91.45,100.87,3.3,1468.0,2
98.57,98.83,55.82,7.8,5783.0,0
98.63,99.81,71.18,8.3,4918.0,0
99.01,91.87,103.41,3.7,1571.0,2
98.48,99.11,61.23,8.0,6035.0,0
98.67,92.31,79.94,6.3,2450.0,1
98.67,96.07,100.02,2.1,1506.0,2
98.32,98.57,67.96,7.6,5340.0,0
98.99,98.42,89.75,7.3,3761.0,1
99.02,92.32,91.78,3.2,1495.0,2
98.73,93.46,89.54,6.6,2188.0,1
98.43,97.51,64.87,8.5,4524.0,0
98.52,97.61,64.21,7.2,6534.0,0
99.03,94.5,73.95,6.3,4375.0,1
98.75,95.54,64.25,6.7,3522.0,1
99.42,95.34,95.62,3.0,562.0,2
98.43,100.0,68.39,8.5,4036.0,0
99.45,92.72,115.91,3.2,1293.0,2
98.65,96.88,67.18,7.7,5492.0,0
98.63,91.3,107.55,3.9,1917.0,2
99.62,96.99,91.16,4.3,1258.0,2
98.85,87.55,121.46,4.2,1653.0,2
98.78,96.17,70.4,6.3,4274.0,1
99.27,93.57,95.16,2.7,0.0,2
99.09,94.87,84.77,5.8,1764.0,1
98.84,94.22,75.8,4.0,900.0,1
99.42,94.46,80.38,6.2,3617.0,1
99.39,94.2,79.52,3.8,4034.0,1
99.82,91.02,115.79,3.1,1129.0,2
98.41,97.44,75.28,6.7,5572.0,0
100.37,89.89,108.63,2.9,714.0,2
98.85,95.87,78.18,6.1,4048.0,1
99.06,93.62,93.81,3.2,2011.0,2
99.33,94.72,80.57,7.3,2849.0,1
99.68,95.25,79.72,5.6,1648.0,2
98.79,98.35,73.51,8.6,4168.0,0
98.77,97.48,61.65,7.7,4640.0,0
98.64,96.92,61.99,8.4,7024.0,0
99.45,94.31,109.97,4.9,1242.0,2
99.07,93.8,105.34,3.1,316.0,2
98.66,97.45,57.61,8.1,3224.0,0
99.7,86.94,84.14,4.6,2177.0,2
98.54,98.47,66.96,7.9,5143.0,0
99.04,96.08,79.15,4.2,3089.0,1
99.13,88.41,106.83,4.3,1222.0,2
100.02,91.64,80.34,4.0,922.0,2
99.74,90.37,109.07,3.6,1786.0,2
98.72,98.25,66.3,7.6,4696.0,0
98.79,93.58,88.24,4.5,3522.0,1
99.22,96.42,60.56,7.6,3661.0,0
98.6,97.93,67.0,8.2,5476.0,0
99.48,88.51,89.24,3.2,1517.0,2
100.22,91.71,102.91,6.0,980.0,2
99.63,96.8,79.71,6.4,2815.0,1
98.82,97.82,64.35,8.5,6321.0,0
99.11,94.38,82.49,6.9,2248.0,1
99.07,89.57,96.72,5.4,940.0,2
98.64,97.42,70.24,6.6,3231.0,0
98.71,99.26,70.43,7.2,5535.0,0
98.67,98.37,72.38,8.4,4672.0,0
98.81,97.8,57.12,8.2,4991.0,0
100.53,88.76,103.58,4.7,1732.0,2
99.67,94.54,98.28,2.4,1735.0,2
99.94,92.97,102.95,1.7,1323.0,2
98.32,96.84,69.66,8.3,5860.0,0
98.91,97.03,83.77,5.9,3626.0,1
99.29,93.71,74.98,6.0,1918.0,1
98.66,97.38,59.15,7.7,6060.0,0
98.51,94.38,69.77,7.5,3348.0,1
98.99,95.74,75.55,6.5,2686.0,1
99.59,90.1,109.64,3.6,1657.0,2
98.41,93.87,80.58,6.5,2230.0,1
99.04,92.63,85.54,6.5,2342.0,1
99.8,91.48,88.66,5.9,971.0,2
98.47,99.5,57.91,8.4,4613.0,0
99.6,89.79,95.57,2.6,2685.0,2
99.64,92.81,110.2,5.4,1699.0,2
98.71,97.72,75.03,8.5,5813.0,0
98.28,98.74,67.07,8.3,4819.0,0
99.19,92.52,105.94,7.9,4911.0,1
98.91,95.78,76.85,5.5,2539.0,1
98.52,97.08,50.52,8.7,4098.0,0
98.98,95.63,67.11,6.9,4131.0,1
99.63,93.88,102.58,4.2,1131.0,2
98.38,98.88,56.2,8.3,4955.0,0
99.24,94.08,82.81,5.9,4381.0,1
98.76,92.07,89.92,7.1,2632.0,1
98.75,93.0,69.02,6.6,3304.0,1
98.98,97.45,81.55,5.9,2532.0,1
99.53,93.94,103.5,4.5,1351.0,2
98.31,99.77,60.48,7.9,5320.0,0
98.62,97.0,63.93,8.5,3482.0,0
100.45,91.31,88.38,3.7,628.0,2
99.51,89.04,84.67,0.8,830.0,2
98.67,97.9,61.78,7.1,6018.0,0
98.92,95.29,76.8,6.0,2873.0,1
98.78,97.54,70.15,8.1,4492.0,0
99.37,94.37,86.86,4.4,2049.0,1
100.54,91.67,107.42,4.0,1618.0,2
99.54,92.21,85.18,4.3,1731.0,2
99.92,91.95,107.22,5.6,1799.0,2
99.26,89.36,81.0,3.5,2382.0,2
99.14,94.42,70.61,5.7,3915.0,1
99.57,93.22,86.46,4.0,1249.0,2
98.93,96.07,86.72,6.3,3194.0,1
99.33,88.44,101.48,4.2,1079.0,2
98.89,91.65,99.18,2.6,1312.0,2
98.49,96.37,78.38,6.7,3695.0,1
99.17,96.59,81.34,6.7,3332.0,1
98.62,96.2,67.18,8.5,5184.0,0
98.93,93.09,69.34,5.7,3984.0,1
99.37,91.52,85.59,2.9,1243.0,2
99.3,96.65,81.38,5.5,2885.0,1
98.54,97.57,70.86,7.6,5874.0,0
99.3,95.22,83.03,4.6,3470.0,1
99.51,94.18,91.64,5.8,1308.0,2
99.37,89.24,94.52,2.4,1383.0,2
99.24,89.57,111.82,3.4,2562.0,2
99.59,93.42,87.96,3.6,3806.0,1
98.6,97.57,67.68,7.1,6996.0,0
99.1,92.7,86.98,3.6,2847.0,1
98.73,96.66,64.24,8.0,4322.0,0
99.43,94.76,100.92,3.9,1073.0,2
99.05,96.8,84.02,8.2,2610.0,1
98.42,98.48,70.53,5.7,2776.0,1
99.29,93.01,104.39,1.5,2026.0,2
98.59,98.87,70.87,7.8,6381.0,0
98.98,94.12,83.9,6.9,3638.0,1
98.68,98.98,63.06,8.0,5007.0,0
98.66,98.68,63.55,7.6,6402.0,0
99.03,89.8,97.71,4.0,1376.0,2
99.3,87.69,76.19,5.4,2137.0,2
98.81,97.47,96.4,7.4,4308.0,1
98.73,96.93,61.74,7.8,5263.0,0
100.0,90.5,95.75,4.6,1234.0,2
98.68,96.59,57.22,8.5,5922.0,0
100.46,97.0,100.69,5.0,2112.0,2
99.1,93.83,84.82,5.5,2170.0,1
98.32,98.76,69.99,7.9,5376.0,0
99.12,95.28,88.52,6.2,2206.0,1
98.73,98.47,73.2,7.2,5731.0,0
99.61,91.89,101.43,5.0,1636.0,2
99.23,96.34,90.2,5.6,1845.0,1
98.36,99.45,55.12,8.2,5669.0,0
98.7,97.63,81.83,6.2,3682.0,1
98.98,95.12,63.4,5.9,2124.0,1
98.3,95.53,64.14,7.7,4178.0,0
98.57,98.79,68.61,7.5,4394.0,0
98.49,98.76,65.99,7.9,4806.0,0
99.16,92.17,91.16,3.6,1871.0,2
98.61,94.68,72.92,6.2,2479.0,1
98.4,97.43,52.04,7.7,5261.0,0
99.15,97.5,82.25,6.8,3328.0,1
99.03,99.03,60.98,8.4,3789.0,0
99.16,96.99,72.99,4.6,3846.0,1
98.82,97.3,65.61,8.3,5720.0,0
98.64,98.98,62.23,7.5,4046.0,0
98.48,97.75,66.97,8.0,3851.0,0
98.85,90.96,89.97,6.5,1208.0,2
99.42,93.38,97.27,4.8,1030.0,2
98.51,98.19,65.17,8.5,4101.0,0
98.18,96.66,79.49,5.4,3506.0,1
99.09,95.76,67.74,6.3,2455.0,1
99.01,93.1,77.62,6.6,2523.0,1
99.52,95.8,93.4,3.7,2077.0,2
98.9,93.48,80.78,6.4,2357.0,1
98.56,98.64,71.04,7.6,4720.0,0
98.97,87.47,108.43,3.2,1720.0,2
99.31,94.78,126.38,3.7,2028.0,2
99.44,96.16,73.34,5.6,2058.0,1
98.88,96.02,90.6,5.9,2603.0,1
99.62,93.7,91.5,3.3,1338.0,2
98.55,99.15,65.85,7.9,5680.0,0
98.91,92.99,76.82,5.4,3074.0,1
98.59,98.12,65.38,8.4,5404.0,0
98.86,94.06,81.45,7.5,1328.0,1
99.17,95.68,79.17,4.8,3401.0,1
98.42,98.82,67.3,8.3,3154.0,0
99.51,91.0,108.77,3.3,1138.0,2
99.14,99.3,84.17,6.9,3397.0,1
99.25,92.88,96.74,4.6,1647.0,2
99.45,90.78,100.64,4.7,1795.0,2
98.97,96.65,72.86,4.7,2790.0,1
99.69,96.17,110.9,4.5,1174.0,2
98.88,99.88,68.19,8.5,4981.0,0
99.5,93.28,102.0,3.1,1936.0,2
98.48,98.27,64.97,7.9,5085.0,0
99.6,95.33,72.67,5.0,3533.0,1
98.75,96.78,68.51,5.7,2513.0,1
99.14,95.83,79.31,6.4,459.0,1
98.35,97.08,66.65,6.6,4872.0,0
98.62,98.66,62.78,7.5,3883.0,0
98.61,98.41,64.56,8.0,3030.0,0
99.09,91.11,93.02,7.2,1192.0,2
98.6,97.17,62.27,8.7,4631.0,0
98.29,96.31,66.61,8.2,5438.0,0
99.48,94.08,104.81,2.5,2157.0,2
98.93,94.44,78.08,4.7,3848.0,1
98.79,95.92,82.65,6.2,2168.0,1
99.52,98.08,75.11,6.3,1889.0,1
98.72,99.59,73.17,8.9,5022.0,0
98.97,98.01,61.56,8.1,4625.0,0
99.41,90.47,99.13,4.4,1398.0,2
99.4,91.76,86.42,3.1,1862.0,2
99.08,94.55,90.9,4.8,2042.0,1
99.08,92.72,90.74,3.2,1200.0,2
99.8,92.04,113.33,2.1,1073.0,2
98.88,96.29,81.14,6.1,3182.0,1
98.75,98.1,64.13,7.6,4616.0,0
100.18,92.92,88.01,4.6,2992.0,1
99.71,86.89,89.69,4.0,1283.0,2
98.61,97.5,66.41,7.2,4630.0,0
98.98,94.88,71.18,7.3,2935.0,1
98.47,99.67,67.84,8.5,4593.0,0
98.82,95.32,65.25,5.3,2318.0,1
98.76,96.71,67.99,9.0,3761.0,0
98.55,95.35,67.97,8.4,4766.0,0
99.16,91.28,108.57,4.8,2218.0,2
98.59,97.94,66.09,7.2,4837.0,0
98.91,96.48,67.9,8.4,3647.0,0
98.72,94.86,62.48,5.0,2283.0,1
99.56,92.12,122.92,1.3,1907.0,2
98.6,97.56,69.58,8.0,3446.0,0
98.9,98.44,64.16,9.3,5225.0,0
99.27,93.29,104.91,6.1,1490.0,2
98.66,100.0,73.21,8.2,3740.0,0
99.87,93.23,96.42,3.0,760.0,2
98.73,98.72,65.9,8.2,4810.0,0
99.37,90.75,96.35,3.8,1144.0,2
98.74,95.83,62.27,5.9,2282.0,1
98.38,98.35,64.26,8.4,4400.0,0
99.56,93.43,99.96,8.2,1539.0,2
98.6,98.33,60.33,8.6,3293.0,0
98.89,90.33,85.78,6.2,1657.0,2
98.73,95.68,74.18,6.5,2773.0,1
98.67,90.16,108.72,3.2,1471.0,2
98.46,93.58,81.7,6.1,1441.0,1
98.36,98.05,72.87,7.2,7760.0,0
99.26,95.7,85.37,4.2,3877.0,1
98.82,96.56,72.21,6.6,2778.0,1
98.64,97.02,58.15,7.8,5791.0,0
98.91,97.93,74.17,8.1,1652.0,1
98.42,96.99,63.78,7.8,4646.0,0
98.68,99.8,60.13,7.1,6113.0,0
98.98,92.36,98.43,4.0,2094.0,2
99.04,93.84,75.8,6.5,4126.0,1
99.43,94.45,122.02,1.9,1730.0,2
99.37,95.0,70.59,5.4,3068.0,1
98.98,95.55,74.46,6.2,2572.0,1
99.13,95.29,78.42,5.2,1890.0,1
98.93,96.98,63.76,8.1,4869.0,0
99.03,93.06,87.6,5.6,4081.0,1
98.63,96.75,67.76,7.7,5019.0,0
98.99,98.64,64.31,8.0,5076.0,0
98.58,98.34,68.77,6.9,4420.0,0
98.39,98.24,65.11,8.0,4309.0,0
98.49,97.24,73.64,7.8,1980.0,0
98.73,98.4,69.47,8.4,4548.0,0
98.64,91.77,71.66,7.2,1647.0,1
98.67,97.73,82.3,6.1,2823.0,1
98.45,98.68,68.71,8.0,5033.0,0
98.62,96.52,72.5,7.6,4861.0,0
99.42,92.14,73.33,5.1,2466.0,1
98.6,96.89,56.54,8.6,3392.0,0
99.4,93.37,107.16,4.2,2270.0,2
99.29,93.36,89.46,7.7,3739.0,1
99.06,92.72,111.19,2.4,1303.0,2
99.19,93.03,107.73,3.8,1506.0,2
99.2,93.26,80.27,7.1,3054.0,1
98.67,97.48,65.63,8.2,6804.0,0
98.28,98.37,59.77,8.3,4278.0,0
99.49,92.73,104.98,2.9,1185.0,2
98.49,97.96,59.02,7.9,5683.0,0
99.31,94.44,73.39,5.3,3499.0,1
99.45,87.39,91.89,2.9,2011.0,2
98.52,97.84,66.98,7.9,4133.0,0
98.19,99.88,69.08,8.2,3980.0,0
99.06,97.08,83.7,5.2,3191.0,1
99.44,93.46,87.83,7.9,3548.0,1
100.15,90.72,106.16,4.0,2365.0,2
99.03,96.0,75.61,5.4,3055.0,1
99.1,94.85,72.46,6.3,2701.0,1
98.62,98.18,65.67,7.3,3274.0,0
99.37,93.44,100.32,6.9,1274.0,2
98.63,93.56,79.61,6.0,2825.0,1
98.51,93.07,77.2,5.7,3786.0,1
98.44,95.93,66.41,7.8,4924.0,0
99.33,93.05,98.51,2.7,1649.0,2
98.91,96.35,69.82,7.8,4426.0,0
98.32,98.71,73.04,8.2,5826.0,0
98.93,94.32,90.24,5.5,3279.0,1
98.59,97.44,68.67,8.0,3393.0,0
98.88,91.25,104.53,3.4,2090.0,2
98.5,100.0,75.38,8.0,2704.0,0
98.43,94.86,76.82,6.3,4223.0,1
98.75,98.7,64.72,8.7,5199.0,0
99.43,92.18,77.48,5.5,2841.0,1
98.75,98.84,73.42,8.0,4305.0,0
99.82,94.01,108.09,3.4,582.0,2
98.73,99.2,59.78,9.0,3469.0,0
99.17,95.47,97.7,6.1,2358.0,1
98.98,92.05,95.36,7.7,2995.0,1
98.68,98.05,65.6,8.8,6239.0,0
99.63,88.67,77.47,3.6,2119.0,2
98.74,97.22,76.05,8.9,6008.0,0
99.83,91.69,96.56,3.7,1844.0,2
99.79,93.46,104.47,5.1,1516.0,2
99.93,88.66,95.84,3.6,1222.0,2
98.7,98.49,57.15,8.2,6373.0,0
99.34,92.62,95.97,2.7,2218.0,2
99.02,92.54,99.92,6.2,1441.0,2
99.65,92.1,119.53,3.9,1034.0,2
98.58,99.55,65.6,8.4,3478.0,0
99.02,97.9,80.23,7.7,2961.0,1
98.92,92.9,66.02,6.2,2252.0,1
99.8,90.04,110.98,2.9,2486.0,2
98.55,96.11,68.24,7.8,5722.0,0
98.79,97.3,60.8,8.1,4957.0,0
98.64,97.27,76.6,7.7,5679.0,0
98.19,98.65,65.91,8.1,3708.0,0
99.94,93.25,100.73,6.6,1937.0,2
98.66,97.02,62.58,8.3,2996.0,0
99.26,91.23,105.37,2.9,1441.0,2
98.72,99.41,67.65,8.0,5779.0,0
98.5,93.48,81.94,6.0,3452.0,1
99.08,96.0,81.81,5.9,2204.0,1
99.79,91.68,85.73,3.2,2303.0,2
99.23,91.8,92.22,1.5,533.0,2
99.05,96.99,81.28,5.4,3197.0,1
98.99,94.86,98.43,5.9,3437.0,1
99.0,95.31,80.98,6.4,3288.0,1
98.93,95.2,70.17,5.0,3962.0,1
99.2,92.97,78.28,7.2,1920.0,1
98.57,98.41,70.54,7.8,3811.0,0
98.61,97.34,64.88,7.9,6361.0,0
98.94,93.16,93.69,5.0,1371.0,2
98.65,98.67,65.02,7.1,5421.0,0
98.34,97.95,57.8,8.5,4172.0,0
98.77,99.45,71.95,8.8,5230.0,0
98.39,96.64,57.89,7.2,3700.0,0
99.54,94.12,105.04,3.4,1408.0,2
98.65,97.02,55.01,9.0,3928.0,0
98.87,95.09,96.77,5.2,3594.0,1
98.73,95.78,87.1,6.2,4228.0,1
98.64,97.95,63.0,8.4,4233.0,0
98.7,95.48,81.86,6.7,2144.0,1
99.02,93.4,99.08,1.3,1952.0,2
98.67,96.47,62.36,8.2,5294.0,0
100.14,91.23,95.73,2.4,1247.0,2
98.51,97.64,65.53,8.3,3402.0,0
98.66,97.73,65.39,8.3,5670.0,0
99.14,99.27,59.48,7.8,5007.0,0
98.92,98.38,68.54,7.2,6194.0,0
98.32,99.35,59.28,7.7,4737.0,0
99.79,89.98,94.29,2.4,1194.0,2
99.19,94.36,113.53,3.9,1601.0,2
99.78,92.15,100.75,3.9,1365.0,2
98.7,99.75,61.69,8.9,5356.0,0
98.58,95.39,81.46,4.9,2989.0,1
98.66,96.78,82.22,5.9,2468.0,1
98.6,98.97,63.42,8.1,5034.0,0
99.65,92.0,96.85,3.9,1347.0,2
99.42,95.14,96.28,2.9,174.0,2
99.7,92.09,96.36,2.9,2344.0,2
98.52,99.04,68.66,6.8,6039.0,0
98.89,98.71,70.46,8.0,5348.0,0
98.32,98.57,75.71,7.5,3691.0,0
98.62,98.65,63.39,7.4,5811.0,0
99.49,90.71,96.9,5.7,1569.0,2
98.47,96.3,77.9,7.8,5893.0,0
98.46,98.18,67.1,8.5,4579.0,0
98.51,98.17,64.07,7.5,4351.0,0
98.75,94.85,72.08,6.4,2819.0,1
97.95,100.0,67.69,8.0,6236.0,0
98.84,96.16,86.56,5.0,2156.0,1
98.26,98.24,67.45,8.5,4563.0,0
98.67,97.44,86.63,6.0,3425.0,1
99.67,95.75,72.26,3.9,4081.0,1
98.33,90.75,83.4,6.7,3275.0,1
99.53,95.9,75.31,7.1,3883.0,1
100.52,95.53,87.35,5.2,1582.0,2
98.81,99.57,63.89,8.6,6124.0,0
98.75,94.21,82.56,5.5,3153.0,1
98.9,94.38,80.36,6.0,1733.0,1
99.3,90.69,91.79,3.4,857.0,2
98.32,98.75,67.12,8.9,3761.0,0
98.86,97.02,92.22,3.8,1247.0,1
100.06,93.72,89.96,1.9,975.0,2
99.0,93.52,84.66,6.5,464.0,1
99.7,91.79,102.31,4.1,1436.0,2
99.96,90.04,107.34,1.9,2089.0,2
99.24,87.13,111.01,2.3,941.0,2
98.82,93.9,78.55,6.3,3578.0,1
99.17,97.51,78.69,4.9,3389.0,1
98.91,99.68,67.39,7.4,6236.0,0
98.62,97.69,60.51,7.2,8110.0,0
99.59,92.07,112.33,6.4,1818.0,2
99.27,95.16,63.31,5.5,2247.0,1
98.79,98.59,65.16,7.8,5890.0,0
98.96,93.49,123.88,5.8,1559.0,2
100.33,93.04,106.64,5.3,1501.0,2
99.28,93.47,82.96,6.3,2024.0,1
98.88,96.92,82.06,4.5,2908.0,1
99.49,93.25,90.9,5.2,1598.0,2
99.1,95.32,70.26,5.0,1884.0,1
98.87,92.78,105.52,2.3,1080.0,2
99.99,94.88,112.12,2.3,1122.0,2
99.17,91.61,96.14,1.7,1860.0,2
99.12,95.02,74.28,4.2,3415.0,1
98.67,95.65,73.51,4.5,3510.0,1
98.95,96.26,79.3,6.3,3850.0,1
98.75,99.8,66.97,7.9,5038.0,0
98.87,90.43,91.98,3.1,1305.0,2
99.69,92.32,113.92,3.8,812.0,2
98.9,98.56,61.77,8.0,4692.0,0
100.14,92.27,99.41,5.9,1646.0,2
99.49,92.94,115.33,3.0,1454.0,2
98.86,94.08,89.84,6.2,2835.0,1
99.37,94.11,77.08,6.4,3945.0,1
98.37,97.82,71.82,8.1,5488.0,0
99.25,93.64,82.15,5.9,2853.0,1
99.19,94.44,87.47,3.0,3101.0,1
98.74,97.6,65.28,5.0,2936.0,1
98.7,93.46,81.28,6.7,2434.0,1
98.65,98.49,57.58,7.5,6097.0,0
98.93,91.81,84.73,5.7,3759.0,1
99.64,94.49,105.05,3.5,743.0,2
98.62,97.48,65.28,7.9,5440.0,0
99.89,93.06,84.93,2.8,972.0,2
98.56,98.34,63.26,8.1,5001.0,0
99.74,92.27,108.29,2.7,1580.0,2
98.47,96.59,84.11,4.4,1723.0,1
99.09,90.45,99.37,5.8,865.0,2
98.21,99.08,58.34,7.3,5462.0,0
99.74,91.31,101.85,6.6,814.0,2
99.27,95.68,69.2,5.8,3549.0,1
99.11,96.8,97.0,6.6,3168.0,1
99.7,86.52,84.52,3.7,557.0,2
100.17,90.91,100.76,4.5,991.0,2
98.62,97.94,75.73,7.8,4753.0,0
99.14,94.43,90.43,4.0,2798.0,1
99.21,94.27,69.02,5.4,2637.0,1
98.94,95.97,75.58,6.9,3637.0,1
98.86,95.96,90.02,6.2,2811.0,1
98.72,98.05,61.22,8.2,6340.0,0
98.5,97.64,60.82,8.4,7100.0,0
98.37,97.67,78.73,6.6,2970.0,1
99.36,94.81,82.69,5.9,3337.0,1
99.19,92.06,87.91,5.0,1459.0,2
99.92,90.87,99.39,4.0,1522.0,2
99.27,93.64,73.5,6.8,3538.0,1
99.55,94.02,98.41,2.5,2084.0,2
98.76,97.48,64.28,8.7,4613.0,0
99.36,94.28,84.12,5.5,3192.0,1
99.36,89.54,101.39,3.3,1509.0,2
99.01,92.5,82.57,5.4,3001.0,1
98.58,93.93,81.7,5.9,2972.0,1
99.2,95.31,84.39,4.1,2699.0,1
98.97,99.17,65.68,7.9,4350.0,0
99.58,90.81,95.08,4.9,1737.0,2
98.59,99.5,74.57,7.9,5603.0,0
99.61,90.04,98.42,4.4,1693.0,2
99.76,96.21,87.31,4.3,1484.0,2
98.21,97.62,57.68,7.7,4491.0,0
99.2,95.03,88.59,6.3,2017.0,1
99.09,89.46,123.38,3.0,533.0,2
98.75,98.22,70.25,8.6,4809.0,0
99.54,92.17,109.84,5.3,2684.0,2
98.99,92.48,74.09,7.0,2514.0,1
98.93,97.97,64.44,9.1,3221.0,0
98.49,97.48,69.96,8.0,4002.0,0
99.72,92.6,73.8,6.0,4914.0,1
99.17,91.6,96.44,3.8,739.0,2
98.61,99.53,67.11,7.6,5020.0,0
98.55,98.54,62.13,8.3,5277.0,0
99.36,87.37,86.61,4.0,1038.0,2
99.32,93.07,93.69,2.5,611.0,2
99.37,90.51,95.23,5.4,1448.0,2
99.53,94.63,71.47,5.7,3665.0,1
99.49,90.37,96.19,5.3,1197.0,2
98.9,98.63,63.39,7.5,3556.0,0
99.8,90.86,124.98,3.3,1186.0,2
99.72,92.66,93.26,3.7,1459.0,2
99.44,96.33,83.11,6.7,3435.0,1
99.16,90.21,105.21,3.6,1114.0,2
99.17,91.36,101.4,4.5,1172.0,2
99.51,95.06,83.37,5.9,2457.0,1
98.75,97.39,76.3,4.4,2576.0,1
98.64,97.14,58.87,8.3,5392.0,0
99.43,93.71,95.23,5.7,855.0,2
98.39,97.48,69.59,7.5,4820.0,0
99.53,93.4,100.57,3.8,1885.0,2
98.43,98.71,67.75,8.1,4571.0,0
98.45,98.0,66.12,8.5,4450.0,0
99.5,90.39,104.48,6.2,464.0,2
98.94,95.64,77.23,7.3,3470.0,1
99.89,88.46,93.95,2.8,1849.0,2
98.85,92.66,83.71,5.2,5204.0,1
98.9,92.59,105.06,5.1,1187.0,2
98.64,98.29,64.86,8.5,4464.0,0
98.63,96.87,62.71,8.9,4591.0,0
98.67,93.14,80.06,6.5,2748.0,1
98.56,97.47,63.88,8.2,4608.0,0
98.84,97.55,72.64,7.9,5391.0,0
98.76,97.21,70.53,8.1,7413.0,0
98.53,98.87,75.44,7.7,4130.0,0
99.09,97.0,73.2,6.4,3532.0,1
98.5,100.0,58.95,8.7,5364.0,0
99.6,94.45,95.17,3.9,1316.0,2
99.01,91.79,89.6,5.2,2038.0,2
99.14,93.2,99.88,8.3,2363.0,1
98.45,98.28,69.64,7.7,5271.0,0
98.7,93.5,79.48,5.8,3658.0,1
98.54,96.34,82.12,5.3,2240.0,1
98.79,97.27,56.93,8.4,5502.0,0
98.35,95.3,59.52,7.9,3399.0,0
99.08,96.6,77.31,4.9,2599.0,1
98.62,92.94,99.34,4.0,113.0,2
98.55,98.13,63.18,7.5,4771.0,0
99.23,93.75,73.24,3.5,3126.0,1
99.56,88.96,93.35,4.5,1327.0,2
99.46,92.16,101.38,3.1,2015.0,2
98.99,92.09,101.32,3.2,1377.0,2
98.89,93.27,72.05,5.0,1360.0,1
99.06,93.68,80.83,5.2,1802.0,1
98.76,97.45,76.45,7.9,5247.0,0
99.13,92.28,104.36,3.3,1011.0,2
99.37,95.26,75.13,5.4,2475.0,1
98.61,98.92,66.12,8.3,4359.0,0
99.1,92.8,80.59,6.0,3554.0,1
98.78,94.71,72.11,5.8,3917.0,1
98.45,98.2,62.21,7.9,4315.0,0
99.06,97.08,71.6,7.1,1224.0,1
99.22,94.88,81.79,4.9,3244.0,1
98.67,98.39,67.72,8.7,5263.0,0
98.58,97.28,62.94,4.1,3286.0,1
100.21,94.33,95.39,5.1,1258.0,2
99.4,90.12,92.38,4.4,1261.0,2
99.57,92.95,89.9,4.3,2625.0,1
98.74,98.27,59.67,6.9,5839.0,0
98.36,96.79,81.4,6.2,4099.0,1
98.87,95.85,78.96,7.1,2186.0,1
99.15,90.25,107.25,3.3,1307.0,2
100.0,92.06,114.16,5.0,2492.0,2
98.8,94.72,101.11,3.5,1263.0,2
99.43,92.89,81.7,5.6,1452.0,2
99.48,94.49,108.98,3.0,1120.0,2
99.81,89.39,100.85,5.0,1148.0,2
98.76,95.71,71.09,3.4,4293.0,1
98.54,97.0,63.49,8.1,5050.0,0
99.32,92.27,97.27,2.4,1271.0,2
98.68,97.06,66.9,6.0,3021.0,1
98.48,97.52,64.95,8.3,4817.0,0
98.78,97.96,69.6,7.8,5418.0,0
98.34,99.85,67.0,8.3,4497.0,0
99.61,90.7,94.14,5.5,2061.0,2
99.11,95.21,86.8,6.6,3509.0,1
99.28,88.91,109.02,5.2,1894.0,2
99.44,96.04,65.71,7.2,2757.0,1
99.86,88.4,97.65,6.0,1932.0,2
98.64,96.61,80.01,6.9,4049.0,1
99.52,91.24,91.39,4.2,1425.0,2
99.25,94.49,83.95,6.0,5039.0,1
99.58,94.39,113.06,4.7,1622.0,2
98.51,98.58,68.26,7.5,5000.0,0
98.55,98.94,60.06,8.5,7024.0,0
99.62,94.18,85.66,2.2,2183.0,2
98.53,98.33,65.26,8.5,3861.0,0
98.22,98.65,64.05,7.9,4456.0,0
98.96,97.3,84.43,6.4,2823.0,1
98.63,99.85,66.5,8.1,4242.0,0
99.28,87.75,98.35,3.0,1045.0,2
99.3,91.16,100.84,2.6,1651.0,2
98.82,95.34,112.18,0.8,1293.0,2
98.96,94.07,88.46,3.6,3422.0,1
98.8,96.99,70.8,8.3,4866.0,0
99.86,92.19,96.85,4.8,1492.0,2
98.82,97.56,69.09,8.1,6795.0,0
98.8,97.97,65.74,7.7,5890.0,0
99.24,92.46,109.56,4.0,2177.0,2
98.51,97.37,61.32,8.1,4496.0,0
98.66,98.13,66.82,9.6,4487.0,0
100.15,91.72,94.06,4.8,2125.0,2
99.52,93.41,88.53,3.5,1758.0,2
98.84,93.27,76.38,6.3,2619.0,1
98.66,95.19,68.75,5.6,2077.0,1
99.78,90.33,89.18,2.6,1387.0,2
99.25,93.54,98.72,5.2,2896.0,2
98.96,90.8,92.34,1.8,1888.0,2
98.77,99.01,73.14,8.9,5686.0,0
98.33,99.01,66.12,7.4,4974.0,0
99.01,90.78,101.17,4.3,1700.0,2
98.21,94.17,85.12,7.5,2196.0,1
98.3,98.84,64.33,8.3,4214.0,0
98.54,97.1,59.89,7.4,4508.0,0
98.85,94.94,61.47,6.0,3015.0,1
98.46,98.2,63.95,8.3,5482.0,0
98.54,98.13,70.98,8.3,6073.0,0
100.19,91.66,112.79,3.2,487.0,2
98.58,97.9,58.52,7.8,5690.0,0
98.65,99.85,60.04,8.3,4824.0,0
98.97,92.41,109.67,6.0,1591.0,2
98.49,97.87,61.23,8.6,6114.0,0
98.81,94.88,68.88,4.3,5461.0,1
99.28,96.63,79.26,4.8,2843.0,1
98.41,97.43,52.5,8.7,3889.0,0
100.31,93.71,96.69,4.2,2726.0,2
98.61,98.19,67.54,7.8,3674.0,0
98.97,95.38,87.68,6.4,2641.0,1
99.28,94.41,69.61,5.8,3524.0,1
99.56,94.57,82.77,6.5,3698.0,1
99.54,92.73,85.45,4.5,2155.0,2
99.03,95.74,64.17,7.0,2290.0,1
98.57,99.19,68.8,8.5,3634.0,0
98.63,95.24,84.72,5.8,4332.0,1
99.18,95.67,96.54,5.7,3611.0,1
98.61,98.02,65.22,7.7,6420.0,0
99.35,95.69,74.21,6.6,3105.0,1
99.25,94.78,85.62,3.9,1698.0,2
98.68,96.72,68.31,8.2,6750.0,0
99.02,97.02,55.03,7.7,3549.0,0
99.12,93.94,77.03,5.4,2939.0,1
99.38,90.6,76.99,3.0,1265.0,2
98.61,98.28,69.35,8.4,5041.0,0
98.32,96.44,65.24,8.2,4044.0,0
99.17,95.91,86.98,5.8,1695.0,1
99.65,91.06,89.62,3.1,1563.0,2
98.45,100.0,60.58,7.8,6236.0,0
98.26,97.42,73.68,8.0,5829.0,0
99.24,89.53,101.13,5.4,1113.0,2
99.02,95.74,64.2,5.4,2908.0,1
98.63,96.76,59.73,8.8,5638.0,0
98.72,93.53,70.09,3.2,2297.0,1
99.67,92.08,85.93,6.5,1731.0,2
99.02,88.19,113.7,5.0,630.0,2
98.95,97.39,66.17,8.1,4811.0,0
99.19,94.38,82.71,5.3,3028.0,1
99.93,92.27,109.78,3.8,0.0,2
99.62,90.0,95.03,5.5,460.0,2
98.53,94.25,78.8,6.3,3885.0,1
98.64,98.71,60.75,8.3,3762.0,0
98.83,98.63,59.54,7.7,4324.0,0
99.26,88.51,114.49,2.7,1932.0,2
98.79,97.59,61.64,8.2,4181.0,0
99.18,94.68,76.23,5.0,3547.0,1
98.33,96.92,89.17,5.0,3126.0,1
100.22,92.04,97.37,4.9,1680.0,2
99.26,92.55,82.91,5.8,4724.0,1
98.7,97.2,73.56,7.9,4452.0,0
98.56,97.11,67.37,8.4,5888.0,0
99.26,95.34,81.79,4.8,4162.0,1
98.76,95.07,79.91,5.7,3535.0,1
99.51,94.5,88.63,4.3,1286.0,2
98.63,94.93,77.44,7.1,5490.0,1
98.97,96.34,56.66,7.1,4026.0,0
98.56,96.78,60.05,7.4,2788.0,0
98.42,98.47,70.94,7.3,5785.0,0
98.36,98.52,61.75,7.5,6617.0,0
98.94,96.83,72.65,6.1,3735.0,1
99.66,92.8,86.95,4.3,1297.0,2
98.61,99.33,58.88,8.1,5743.0,0
99.67,90.05,110.07,3.8,764.0,2
99.1,97.65,86.8,4.1,1802.0,2
98.44,97.46,56.77,7.7,6140.0,0
98.59,96.62,84.0,5.5,3526.0,1
99.8,92.06,101.8,4.0,1618.0,2
98.7,98.2,64.92,7.9,3971.0,0
99.02,94.69,78.72,5.3,3613.0,1
99.67,89.19,103.08,6.0,2180.0,2
98.54,95.65,92.92,5.9,3516.0,1
99.17,93.39,63.85,5.4,2163.0,1
99.39,93.28,108.54,3.1,1662.0,2
98.62,98.24,57.22,7.2,5616.0,0
98.69,96.31,70.62,7.0,2217.0,1
98.2,99.14,69.25,7.6,4550.0,0
98.56,99.44,67.94,8.0,5887.0,0
99.36,88.51,107.38,5.6,642.0,2
98.74,97.69,71.64,8.9,5819.0,0
98.9,90.8,117.87,5.2,1882.0,2
98.72,89.01,92.51,4.2,1843.0,2
98.51,98.65,65.92,7.8,3550.0,0
99.48,96.46,105.28,2.4,1815.0,2
99.49,93.9,114.98,5.7,1812.0,2
99.14,96.54,72.88,6.2,3380.0,1
99.38,89.91,100.49,3.6,2268.0,2
98.65,97.66,63.51,8.0,5165.0,0
98.86,96.14,84.83,7.4,3157.0,1
99.46,92.68,97.83,1.9,1844.0,2
98.4,97.55,65.32,8.1,4994.0,0
98.69,95.71,79.01,6.9,1386.0,1
98.39,96.79,68.24,7.9,5505.0,0
98.44,99.36,64.3,7.6,6125.0,0
99.35,93.37,101.29,6.3,882.0,2
98.69,97.98,76.26,8.7,4682.0,0
98.35,98.62,66.6,7.3,3637.0,0
99.84,91.18,109.59,1.2,1272.0,2
99.54,89.2,84.1,2.5,846.0,2
99.31,93.32,110.41,4.8,1010.0,2
99.31,93.98,82.46,5.4,2897.0,1
98.72,98.46,67.54,7.6,4748.0,0
99.29,94.85,86.09,5.4,3898.0,1
98.66,95.05,71.59,6.8,2559.0,1
99.46,94.16,84.56,6.3,3776.0,1
99.94,92.07,98.32,4.6,910.0,2
98.98,97.23,68.06,8.1,4099.0,0
99.5,88.65,85.87,3.3,1854.0,2
98.26,97.83,58.26,7.9,4078.0,0
98.94,97.78,57.37,7.7,5025.0,0
98.48,97.47,62.56,8.8,4043.0,0
99.76,90.28,105.1,2.4,1770.0,2
98.77,98.03,59.93,8.6,3436.0,0
99.3,91.57,89.03,3.8,1533.0,2
99.33,93.41,88.86,5.5,1893.0,2
98.86,90.77,97.25,5.0,1516.0,2
99.47,95.67,70.57,6.1,1968.0,1
99.98,93.64,97.11,4.1,2198.0,2
98.92,92.99,82.9,4.8,2811.0,1
98.72,94.58,87.6,3.6,1928.0,1
98.44,99.12,56.2,8.7,6487.0,0
99.05,89.92,77.95,1.1,2410.0,2
98.7,97.77,72.97,8.6,4897.0,0
99.87,93.29,113.03,4.5,933.0,2
99.88,91.89,93.68,6.1,1831.0,2
99.46,94.45,84.41,7.1,3501.0,1
98.59,92.37,69.94,6.8,2874.0,1
99.07,95.12,71.14,4.3,3119.0,1
98.45,94.32,96.12,6.1,2764.0,1
99.51,91.96,73.37,7.4,2960.0,1
99.44,91.72,91.63,5.7,2222.0,2
99.32,96.07,75.43,7.1,3408.0,1
99.55,90.41,97.72,2.3,2114.0,2
100.05,95.88,106.99,2.6,2024.0,2
99.17,92.14,89.45,5.1,2233.0,1
98.67,97.63,64.69,7.5,5152.0,0
98.66,98.09,61.87,7.9,5825.0,0
98.57,98.23,63.31,8.2,5575.0,0
99.05,89.1,115.0,2.3,637.0,2
98.57,99.07,64.07,7.5,3900.0,0
98.5,98.25,67.15,8.3,3779.0,0
98.85,97.18,61.72,7.9,5069.0,0
98.94,92.21,68.21,5.9,3078.0,1
98.66,94.58,80.89,5.2,1384.0,1
99.02,93.87,77.73,4.1,730.0,1
99.22,91.53,103.65,5.3,2644.0,2
98.35,98.61,69.78,8.4,4019.0,0
100.09,92.03,113.37,1.8,1422.0,2
99.52,97.23,85.68,5.0,2104.0,1
98.75,97.54,74.15,7.2,2745.0,1
99.65,93.9,108.17,2.8,1109.0,2
98.6,98.03,70.93,8.6,4453.0,0
98.31,97.44,68.05,8.8,4513.0,0
98.53,97.27,58.88,8.1,5104.0,0
99.06,94.89,64.74,5.5,2901.0,1
98.46,97.36,58.17,8.5,5693.0,0
98.34,95.86,88.66,7.4,3391.0,1
99.6,91.57,88.67,5.1,1551.0,2
98.82,97.71,68.18,6.1,3186.0,1
98.7,97.14,64.02,8.0,6452.0,0
99.2,91.34,86.55,4.6,1824.0,2
99.26,89.91,109.58,4.6,1996.0,2
99.34,93.08,101.08,4.7,1368.0,2
98.68,99.88,59.8,7.5,6643.0,0
99.51,95.44,99.68,5.3,363.0,2
98.85,96.14,93.63,6.8,3414.0,1
99.1,95.8,115.49,3.7,1671.0,2
99.01,96.25,90.82,3.1,2613.0,1
98.89,93.94,82.07,6.4,1886.0,1
99.53,94.39,104.79,4.2,1345.0,2
98.71,95.77,63.48,6.9,2474.0,1
98.76,94.69,87.9,2.9,1018.0,2
99.13,89.46,99.77,1.9,1358.0,2
98.74,96.11,72.42,4.9,4009.0,1
98.8,94.1,79.72,6.3,4111.0,1
98.67,99.13,54.23,8.2,6661.0,0
98.23,96.29,66.55,7.9,4352.0,0
98.28,97.03,73.63,7.7,6993.0,0
98.38,98.87,70.74,6.8,5390.0,0
99.66,88.99,109.64,4.4,1528.0,2
98.7,98.93,72.0,8.4,4325.0,0
98.6,96.51,58.44,7.6,5422.0,0
98.68,98.11,77.2,8.0,3985.0,0
98.43,98.94,61.66,9.0,6052.0,0
99.13,90.79,118.8,1.0,3059.0,2
98.66,93.01,121.79,6.0,1482.0,2
99.09,96.71,71.87,5.2,3591.0,1
98.83,95.2,64.88,6.4,3895.0,1
99.19,92.37,98.85,4.5,1621.0,2
99.56,90.38,91.84,3.3,1597.0,2
99.34,94.72,106.83,3.2,660.0,2
99.83,87.83,115.82,2.6,1578.0,2
98.32,100.0,69.67,7.6,4137.0,0
99.0,90.73,97.41,4.5,1604.0,2
99.46,92.01,87.49,5.0,1774.0,2
99.51,95.71,89.37,7.0,3193.0,1
99.19,88.54,98.38,4.5,2043.0,2
98.74,98.38,59.48,7.9,4938.0,0
99.74,96.2,110.19,3.7,1480.0,2
99.32,95.66,82.13,5.6,669.0,1
99.39,92.66,111.72,4.4,1512.0,2
99.37,99.7,73.75,7.5,4999.0,0
99.07,89.93,101.26,5.7,1311.0,2
99.14,94.94,74.93,6.0,2569.0,1
99.56,89.52,98.53,0.8,2145.0,2
98.87,95.11,67.66,5.3,3877.0,1
99.25,91.75,88.18,4.1,1045.0,2
98.48,96.34,54.24,8.7,6422.0,0
99.67,90.52,103.02,2.1,1463.0,2
99.12,94.79,95.18,6.3,3285.0,1
99.37,93.32,70.22,4.1,3627.0,1
98.6,99.42,62.12,8.5,6212.0,0
99.26,98.41,80.48,5.4,2632.0,1
99.55,94.78,79.27,6.6,3169.0,1
98.69,97.57,67.27,8.5,5592.0,0
98.82,98.76,62.81,8.2,5693.0,0
98.6,96.66,72.65,8.4,4706.0,0
98.58,99.21,71.0,8.3,5207.0,0
99.91,86.33,99.83,3.0,1517.0,2
98.34,99.07,75.07,7.8,3503.0,0
98.84,93.78,62.43,5.3,2383.0,1
99.53,95.29,112.21,3.7,1110.0,2
99.76,90.63,101.86,4.0,2184.0,2
99.19,94.64,82.58,7.0,1984.0,1
98.51,98.05,70.25,8.0,5659.0,0
98.85,98.49,73.36,7.9,5887.0,0
99.14,90.96,84.55,3.6,1384.0,2
99.2,97.41,99.32,3.5,975.0,2
99.75,92.49,127.8,2.7,1042.0,2
98.59,97.76,66.54,7.1,4084.0,0
99.67,89.61,98.86,3.3,1706.0,2
98.93,91.81,78.54,7.6,3103.0,1
99.09,94.39,83.04,6.9,3483.0,1
98.42,97.08,71.09,8.1,4928.0,0
98.18,97.51,75.79,7.4,5344.0,0
99.14,94.86,89.77,6.0,2050.0,1
98.46,97.23,72.45,8.1,4643.0,0
98.43,96.87,71.96,8.0,4643.0,0
98.72,92.68,75.77,4.8,2051.0,1
98.45,98.11,61.63,8.2,4563.0,0
100.28,90.0,106.93,2.4,1387.0,2
99.04,97.49,59.27,8.5,5547.0,0
98.3,97.05,71.14,8.3,3748.0,0
99.16,92.0,86.17,5.6,1546.0,2
98.54,97.96,63.53,7.7,4530.0,0
98.4,98.62,71.07,7.6,3913.0,0
99.34,86.96,91.86,4.1,1787.0,2
99.16,90.01,90.61,3.5,1278.0,2
99.19,92.23,102.33,1.9,1061.0,2
98.73,95.27,93.23,6.0,2971.0,1
99.07,92.78,101.34,2.1,1174.0,2
99.44,93.43,98.46,3.7,1443.0,2
98.54,96.08,73.92,4.9,3016.0,1
98.62,90.01,112.73,4.6,856.0,2
99.39,90.74,85.01,5.1,2472.0,2
98.95,96.32,73.74,4.6,3516.0,1
98.25,97.4,71.9,8.6,5155.0,0
98.73,97.72,68.0,8.0,5849.0,0
99.03,98.56,61.07,8.0,4536.0,0
99.12,95.34,91.43,6.5,2305.0,1
98.73,98.03,66.61,8.0,3497.0,0
98.84,99.38,63.17,8.0,4917.0,0
98.83,99.58,60.3,7.5,3908.0,0
98.83,94.5,91.73,8.8,2954.0,1
98.86,98.22,65.14,8.1,5607.0,0
98.67,95.64,90.37,5.8,3425.0,1
99.51,91.78,94.13,3.0,1661.0,2
98.55,95.18,107.03,2.5,1331.0,2
99.4,94.35,80.53,3.0,1728.0,2
98.86,94.67,84.69,6.5,3214.0,1
98.61,92.18,82.66,4.4,4018.0,1
99.2,95.38,85.88,5.6,2752.0,1
99.12,94.6,83.66,6.0,734.0,1
98.78,97.99,88.08,4.9,3662.0,1
99.0,94.83,86.26,5.5,1707.0,1
98.91,95.3,82.57,4.5,3647.0,1
98.72,93.96,82.5,4.2,2623.0,1
98.71,97.17,62.32,8.7,5938.0,0
99.35,93.6,87.16,2.7,1891.0,2
99.43,88.5,94.49,1.6,603.0,2
98.46,97.2,69.42,8.2,6121.0,0
99.89,93.34,91.86,4.0,1337.0,2
98.86,99.67,71.88,8.7,5051.0,0
99.48,90.51,102.49,3.6,2524.0,2
99.54,88.09,92.29,5.4,2127.0,2
100.11,93.95,100.38,2.7,1974.0,2
98.91,98.61,65.29,7.6,5551.0,0
98.9,97.0,72.71,8.2,3743.0,0
99.14,93.21,81.26,5.5,4088.0,1
98.85,95.35,85.32,4.9,3824.0,1
99.07,95.66,62.58,6.2,3111.0,1
98.69,94.39,84.27,6.4,2934.0,1
98.73,96.6,65.3,7.6,4208.0,0
99.59,95.43,75.02,4.6,2935.0,1
99.29,93.11,97.34,6.1,943.0,2
98.22,97.09,61.55,7.1,4060.0,0
98.59,96.74,85.5,6.7,2920.0,1
98.44,96.16,63.1,7.9,5106.0,0
98.66,96.59,61.23,8.8,4165.0,0
99.6,93.41,80.69,6.5,1331.0,1
98.88,92.4,106.42,4.6,1508.0,2
98.75,91.84,91.58,6.8,3093.0,1
99.09,94.24,110.72,3.6,1655.0,2
98.65,97.76,75.38,7.6,4231.0,0
98.36,93.8,84.66,6.8,2025.0,1
98.69,96.43,65.71,7.3,3914.0,0
99.22,92.87,104.02,4.0,1625.0,2
98.43,99.55,61.93,7.4,5501.0,0
99.45,94.25,100.72,1.8,1838.0,2
98.86,99.58,75.83,8.3,4082.0,0
99.44,97.48,87.16,5.0,2915.0,1
99.29,94.26,91.29,4.4,1830.0,2
99.28,89.53,96.42,3.1,1131.0,2
98.89,96.33,67.61,8.6,5060.0,0
98.72,95.51,78.07,5.8,3211.0,1
99.88,95.73,82.58,3.3,3552.0,1
99.25,93.7,90.07,7.2,2994.0,1
98.7,99.44,78.01,7.7,4284.0,0
98.81,93.91,86.26,5.9,2126.0,1
99.45,90.98,97.93,4.9,2031.0,2
98.54,99.44,64.81,7.8,5152.0,0
98.79,92.81,95.33,2.7,722.0,2
98.41,98.61,65.2,7.9,5472.0,0
98.39,99.8,75.31,8.0,4721.0,0
99.34,93.14,113.9,4.4,1458.0,2
99.33,93.55,105.98,5.7,1843.0,2
98.55,94.64,74.32,6.2,3061.0,1
99.86,92.82,88.57,3.4,2855.0,2
99.83,91.27,101.1,4.1,1899.0,2
99.81,90.82,99.55,3.7,2105.0,2
98.67,96.92,65.41,8.1,4170.0,0
98.81,96.76,86.59,5.7,3307.0,1
98.94,94.42,77.76,6.5,2691.0,1
98.91,96.16,78.55,4.5,2772.0,1
99.16,91.79,97.01,2.6,2388.0,2
99.72,95.64,111.28,6.0,1669.0,2
98.59,98.11,77.02,8.1,4771.0,0
98.43,97.32,65.92,8.4,6444.0,0
98.76,95.79,62.53,8.0,4684.0,0
99.18,97.13,84.69,6.5,2788.0,1
98.46,99.17,67.47,7.6,4342.0,0
99.97,88.84,97.19,3.4,1471.0,2
98.85,93.63,65.83,4.0,1144.0,1
98.48,98.26,68.07,7.8,5210.0,0
98.76,97.35,62.58,7.8,6060.0,0
99.78,95.35,101.35,5.1,1275.0,2
99.33,90.72,96.19,4.4,1416.0,2
99.3,91.48,88.03,3.9,2278.0,2
99.22,91.54,80.58,5.2,2141.0,2
98.82,97.85,95.12,7.8,2176.0,1
98.71,99.05,62.85,8.2,4809.0,0
98.46,99.05,64.51,7.6,5523.0,0
99.7,95.38,109.54,4.3,1883.0,2
99.29,88.19,106.91,5.1,1482.0,2
98.52,98.62,63.45,7.7,5463.0,0
98.89,99.75,64.51,8.8,5185.0,0
99.48,94.45,86.55,5.7,1114.0,2
99.91,92.91,109.2,4.1,2483.0,2
98.4,96.75,66.2,7.5,4933.0,0
98.39,98.46,66.91,9.6,5239.0,0
98.87,97.59,59.4,7.9,4417.0,0
99.27,93.92,82.85,6.8,1822.0,1
99.78,95.43,115.3,3.2,2171.0,2
98.36,97.67,56.3,8.4,4897.0,0
98.95,94.46,82.89,4.8,2322.0,1
98.58,97.66,65.52,7.8,4680.0,0
99.04,97.98,61.97,7.2,4587.0,0
99.38,91.1,93.12,6.3,3710.0,1
99.38,98.07,74.11,6.9,2341.0,1
98.77,94.5,82.53,5.5,3585.0,1
98.83,97.97,58.05,6.9,5498.0,0
98.91,98.41,83.43,7.1,3537.0,1
99.28,92.2,75.35,5.3,3944.0,1
99.86,93.52,105.91,2.8,1655.0,2
99.22,91.32,100.44,3.5,1236.0,2
98.94,95.54,73.67,6.2,2797.0,1
99.42,92.59,97.78,2.9,1169.0,2
98.52,92.94,75.75,5.3,4115.0,1
98.83,91.27,76.7,5.6,2680.0,1
99.06,92.4,78.11,7.1,3309.0,1
98.95,96.97,70.36,8.4,6170.0,0
100.43,90.55,96.67,4.1,448.0,2
98.56,100.0,50.76,7.6,4863.0,0
99.95,90.2,101.82,2.9,2090.0,2
99.6,88.86,101.17,3.1,2194.0,2
99.79,90.05,113.77,4.0,1984.0,2
98.75,93.39,77.4,4.5,1989.0,1
98.5,98.38,70.95,8.0,4474.0,0
99.49,92.55,108.67,4.3,2303.0,2
98.75,97.14,68.18,8.5,4183.0,0
100.32,93.25,101.94,4.2,1073.0,2
99.03,96.46,89.53,7.8,3689.0,1
99.09,97.24,85.95,7.3,3670.0,1
99.08,94.21,89.56,6.3,3175.0,1
99.11,93.53,79.01,7.1,2300.0,1
98.82,94.57,88.73,6.0,1257.0,1
98.82,95.86,90.0,7.2,3003.0,1
99.88,94.34,99.05,5.9,1346.0,2
99.58,90.32,106.08,1.5,527.0,2
99.23,94.89,73.6,6.3,2544.0,1
98.98,95.8,80.28,5.4,2409.0,1
98.68,97.69,67.2,9.0,4338.0,0
99.79,94.63,105.02,5.8,1750.0,2
99.53,92.92,92.82,6.1,796.0,2
99.15,90.64,83.56,6.1,3036.0,1
99.14,96.57,89.56,5.5,2987.0,1
98.45,99.79,63.95,8.7,6448.0,0
99.23,91.2,77.42,6.8,3743.0,1
98.89,96.25,83.85,5.6,2160.0,1
99.71,91.7,96.34,4.5,1445.0,2
98.64,98.22,70.2,7.9,3674.0,0
99.84,89.04,104.39,4.2,1376.0,2
99.3,93.73,83.97,7.9,3168.0,1
98.19,98.26,73.39,7.5,5014.0,0
99.37,95.2,87.97,6.2,2582.0,1
98.82,96.02,78.8,5.1,2551.0,1
98.89,97.26,75.6,6.2,2756.0,1
99.67,93.18,93.84,3.5,972.0,2
99.79,94.16,87.14,2.6,1571.0,2
99.3,95.83,74.89,4.0,4456.0,1
98.91,97.78,58.59,7.3,5197.0,0
99.66,92.3,118.69,3.5,1796.0,2
98.57,98.75,72.51,7.4,5830.0,0
99.05,94.57,90.43,6.6,2864.0,1
99.22,91.49,100.94,2.6,2339.0,2
99.4,92.52,110.94,3.6,1866.0,2
98.37,96.37,65.19,8.9,6801.0,0
98.79,97.46,61.41,6.9,5882.0,0
98.42,99.25,68.79,7.9,5987.0,0
99.27,97.64,85.24,5.8,4142.0,1
98.93,97.1,72.24,6.5,1471.0,1
100.67,91.91,90.82,5.8,1112.0,2
98.74,98.71,69.7,8.6,6533.0,0
99.47,95.28,77.04,7.5,1908.0,1
99.72,92.42,91.09,5.5,1009.0,2
99.11,91.54,100.29,2.4,1014.0,2
99.91,92.61,90.93,5.2,1113.0,2
99.19,95.21,75.22,6.6,3066.0,1
98.76,97.73,65.08,8.2,6490.0,0
99.51,95.34,112.68,3.0,1657.0,2
99.43,91.79,106.79,5.7,1291.0,2
99.22,94.5,89.83,5.4,2440.0,1
98.76,99.2,63.19,8.4,5265.0,0
99.63,89.3,86.63,4.3,1779.0,2
98.37,95.76,91.15,5.1,1649.0,1
99.09,96.87,67.48,8.0,3998.0,0
100.03,91.43,88.09,3.8,1561.0,2
99.62,92.9,100.12,5.3,1204.0,2
98.92,95.77,79.33,5.7,3201.0,1
99.28,92.64,100.72,2.0,1699.0,2
98.7,100.0,63.75,8.1,3852.0,0
99.06,95.51,68.89,5.6,3406.0,1
98.65,93.9,81.43,8.2,2131.0,1
98.65,94.09,77.12,6.0,4186.0,1
99.68,86.99,114.67,3.5,1179.0,2
98.36,98.2,69.91,7.5,6282.0,0
99.21,91.55,111.4,2.5,2173.0,2
100.33,91.44,109.69,4.6,2143.0,2
99.37,92.27,88.55,4.9,2509.0,1
98.76,98.2,67.79,8.4,5498.0,0
99.42,90.87,113.9,4.0,2019.0,2
98.39,97.84,73.07,7.7,5673.0,0
99.26,91.35,91.63,6.8,1317.0,2
98.87,96.48,55.17,7.5,5514.0,0
100.17,91.66,108.22,5.3,2377.0,2
99.03,92.72,73.64,5.5,2666.0,1
99.21,95.08,99.6,4.3,1933.0,2
99.5,91.22,113.37,4.3,2333.0,2
98.66,93.29,87.31,5.2,3832.0,1
99.05,94.67,104.38,4.8,1519.0,2
98.93,97.55,61.08,8.0,5304.0,0
98.84,95.24,80.39,6.8,2901.0,1
99.53,94.37,102.64,2.9,1527.0,2
99.03,91.99,105.76,3.8,2103.0,2
99.14,91.27,91.98,6.9,3134.0,1
98.65,96.85,69.03,7.0,2887.0,1
98.87,97.35,65.07,8.1,3619.0,0
99.53,92.08,92.73,4.2,1677.0,2
98.74,92.08,108.8,4.0,1691.0,2
99.57,90.74,92.44,7.5,1033.0,2
99.19,94.52,81.96,3.2,1387.0,2
99.64,92.79,91.06,1.6,1507.0,2
98.59,97.63,63.88,8.1,4733.0,0
100.18,90.57,89.02,2.2,968.0,2
99.76,89.07,109.29,2.2,1178.0,2
99.03,97.97,72.36,8.7,6117.0,0
99.59,91.0,111.67,2.9,2561.0,2
99.16,96.73,84.54,4.6,3312.0,1
99.06,98.31,59.06,8.3,4642.0,0
99.08,95.35,73.48,5.6,2547.0,1
98.72,97.54,61.22,7.2,5250.0,0
98.92,96.76,65.35,5.4,2981.0,1
98.98,95.22,76.83,5.6,2136.0,1
98.72,97.58,58.95,8.0,5696.0,0
98.6,94.92,74.43,6.9,3817.0,1
98.6,97.82,64.14,7.4,4844.0,0
99.18,92.44,87.6,3.0,1612.0,2
98.94,97.38,60.88,6.7,2417.0,1
98.08,98.83,69.98,8.2,4382.0,0
99.44,91.94,126.42,4.8,2477.0,2
99.17,94.86,78.86,7.0,2315.0,1
98.62,97.75,62.18,8.6,4507.0,0
99.81,90.79,118.67,2.3,1078.0,2
98.99,91.29,98.16,4.4,1466.0,2
99.55,94.05,103.2,4.3,2122.0,2
99.22,94.46,105.22,5.2,3229.0,1
99.81,93.59,67.2,4.6,2954.0,1
98.98,96.66,74.64,5.2,2950.0,1
99.27,87.19,120.58,4.2,1966.0,2
98.57,99.91,69.62,7.7,4855.0,0
98.46,98.06,70.05,7.9,4384.0,0
99.16,93.71,79.74,6.2,2760.0,1
99.67,91.54,103.94,3.7,1475.0,2
99.06,93.53,78.44,6.7,2887.0,1
99.52,90.66,87.22,3.3,1900.0,2
98.62,98.07,64.64,7.5,5327.0,0
98.67,93.24,81.49,6.7,3402.0,1
99.14,93.34,94.85,3.1,1344.0,2
99.1,93.2,79.09,7.0,2570.0,1
99.54,92.05,109.7,5.4,1738.0,2
99.26,93.71,78.8,8.1,3223.0,1
99.21,96.98,86.11,7.8,2414.0,1
99.55,90.82,93.37,5.0,1811.0,2
98.58,97.91,62.1,8.3,5869.0,0
98.94,94.2,86.01,5.5,3453.0,1
99.59,92.07,106.19,4.0,1704.0,2
99.64,91.65,96.37,4.5,2025.0,2
99.9,94.31,60.05,4.6,3859.0,1
99.37,92.68,105.31,3.9,1289.0,2
98.7,95.92,57.99,7.9,4687.0,0
98.67,97.58,63.25,8.6,5601.0,0
98.99,93.68,72.2,6.3,2054.0,1
99.41,90.93,84.91,2.4,1032.0,2
99.91,91.62,94.12,2.5,1390.0,2
98.81,95.67,83.36,4.3,1469.0,1
99.16,95.6,81.12,5.3,3118.0,1
99.0,93.19,83.17,4.5,2590.0,1
99.39,93.21,109.96,6.2,1880.0,2
98.54,98.77,62.86,8.6,6204.0,0
99.41,92.35,94.71,2.2,2122.0,2
98.8,93.55,81.94,8.0,3346.0,1
98.79,97.29,70.11,8.6,6581.0,0
99.08,94.05,98.16,4.2,1623.0,2
98.51,97.95,65.99,7.9,4237.0,0
99.47,95.45,82.63,6.2,2795.0,1
98.88,95.48,80.41,5.4,2543.0,1
99.02,95.63,68.16,6.2,1263.0,1
99.08,96.22,63.38,5.2,3569.0,1
98.51,98.19,69.98,7.9,6673.0,0
99.71,90.88,99.54,6.2,1698.0,2
99.42,89.5,109.57,4.0,1678.0,2
